{
    "prop_personnes_polies": 1.0,
    "patience_gens_polis": 10,
    "X": [
        10,
        20,
        30,
        40,
        50,
        60,
        70,
        80
    ],
    "Y": [
        [
            48,
            46,
            47,
            51,
            59,
            43,
            53,
            57,
            50,
            58
        ],
        [
            55,
            67,
            66,
            63,
            71,
            67,
            65,
            66,
            64,
            65
        ],
        [
            71,
            84,
            81,
            78,
            70,
            70,
            72,
            79,
            67,
            70
        ],
        [
            85,
            91,
            91,
            90,
            90,
            90,
            90,
            95,
            89,
            84
        ],
        [
            91,
            102,
            106,
            102,
            93,
            97,
            91,
            93,
            99,
            93
        ],
        [
            106,
            110,
            110,
            114,
            114,
            103,
            105,
            124,
            105,
            115
        ],
        [
            146,
            137,
            134,
            138,
            127,
            163,
            139,
            151,
            166,
            137
        ],
        [
            292,
            300,
            225,
            265,
            230,
            280,
            282,
            235,
            300,
            300
        ]
    ],
    "R": [
        [
            6.973067067883167,
            6.532748246819466,
            5.123535968201259,
            6.01132224559453,
            5.558140199800358,
            6.962559954703287,
            6.183105884580146,
            5.508081387715681,
            5.255876179864792,
            5.879520938747331
        ],
        [
            4.695346598760694,
            4.9856002771028605,
            4.643482596409608,
            4.784301361676488,
            4.795634153815213,
            5.052338676070591,
            4.603370054254811,
            4.921791181472636,
            4.850509017055834,
            4.494880994127777
        ],
        [
            4.41247993621917,
            4.414896953343568,
            4.36678154218346,
            4.423712459391697,
            4.228185766816859,
            4.399877052867703,
            4.332563244849993,
            4.393931668652144,
            4.261173885886715,
            4.429832019621832
        ],
        [
            3.990212943006599,
            4.011544107907638,
            4.13921017512677,
            3.803431564668282,
            4.037953543800843,
            3.9811428587135893,
            3.9613878773743294,
            4.050349733708287,
            3.8201830019351894,
            3.9927117564849977
        ],
        [
            3.822509287395382,
            3.6641128199471926,
            3.7301325622314523,
            3.6925162514665106,
            3.655188839594923,
            3.6341986865123106,
            3.703653689394496,
            3.823168542238514,
            3.8035725160225464,
            3.786818569168187
        ],
        [
            3.592701427457977,
            3.537765642387842,
            3.594750123434717,
            3.4935944146289537,
            3.508004155489483,
            3.538409840585161,
            3.5136529073182334,
            3.5344405151612373,
            3.4854183664778753,
            3.46510619691975
        ],
        [
            3.4258242175868086,
            3.396990237595257,
            3.427720485305727,
            3.3642718626215506,
            3.375497437746894,
            3.430043255895712,
            3.3937392893858322,
            3.3463486747836795,
            3.363261433848268,
            3.3939629713753003
        ],
        [
            3.222483664065124,
            3.205529101016738,
            3.2278624801230213,
            3.193351377156054,
            3.224251455427271,
            3.2056921178295625,
            3.2044887275529956,
            3.250999351730469,
            3.2123154805883445,
            3.2056994822873146
        ]
    ]
}