{
    "prop_personnes_polies": 0.0,
    "patience_gens_polis": 0,
    "X": [
        10,
        20,
        30,
        40,
        50,
        60,
        70,
        80
    ],
    "Y": [
        [
            41,
            46,
            40,
            47,
            46,
            42,
            42,
            40,
            37,
            40
        ],
        [
            52,
            46,
            54,
            47,
            47,
            43,
            47,
            51,
            46,
            43
        ],
        [
            56,
            53,
            60,
            51,
            54,
            50,
            64,
            64,
            45,
            56
        ],
        [
            75,
            82,
            66,
            66,
            64,
            62,
            71,
            69,
            75,
            67
        ],
        [
            89,
            97,
            79,
            96,
            86,
            77,
            72,
            77,
            82,
            84
        ],
        [
            97,
            104,
            102,
            107,
            103,
            130,
            112,
            98,
            120,
            103
        ],
        [
            137,
            170,
            120,
            139,
            135,
            113,
            126,
            118,
            126,
            129
        ],
        [
            214,
            270,
            300,
            187,
            286,
            300,
            300,
            267,
            300,
            300
        ]
    ],
    "R": [
        [
            6.505556861201106,
            6.364690223367588,
            4.745970827567292,
            5.811322966828447,
            4.800587644982286,
            6.908019399608122,
            6.3939567867493174,
            5.212194715251181,
            4.816760013902148,
            5.06834823868539
        ],
        [
            4.441114840960696,
            4.444152894389595,
            4.336599531288636,
            4.561014338925229,
            4.541216674655762,
            4.390418796072811,
            4.306984359409561,
            4.628195998264718,
            4.214172956016756,
            4.372223307112783
        ],
        [
            4.1047238246507245,
            4.010355218623399,
            4.200274272183796,
            4.004801875632053,
            4.001531250261067,
            4.038163992708231,
            4.107732514087987,
            4.059050433385894,
            3.881117114428556,
            3.8837396824044332
        ],
        [
            3.861869258001465,
            3.741711945847061,
            3.8172239132975494,
            3.7146885776712564,
            3.743418572470896,
            3.7671549657117622,
            3.709513292291476,
            3.801588362534319,
            3.758504018594346,
            3.743275574556634
        ],
        [
            3.573891291955252,
            3.5581631903909634,
            3.5975289873199507,
            3.519216007542576,
            3.563540999357751,
            3.5893603954275757,
            3.6148983165807613,
            3.567756716730749,
            3.5911314100338902,
            3.538694742397688
        ],
        [
            3.424011412098251,
            3.4317809184549524,
            3.463990139982154,
            3.456412069947416,
            3.468252429521972,
            3.3996649146052644,
            3.401810683400926,
            3.4256751374177217,
            3.430683034140681,
            3.4068519463814346
        ],
        [
            3.324675195594485,
            3.268970959658404,
            3.329308695953871,
            3.30353824690966,
            3.2892981092586373,
            3.3361324428163,
            3.3086259603525976,
            3.3467436222161377,
            3.3287392076970734,
            3.3062512255858625
        ],
        [
            3.2148228856446157,
            3.16961267892598,
            3.160073727806404,
            3.2073130738330784,
            3.1745373572452618,
            3.1964554103839364,
            3.166805836039099,
            3.188990359157436,
            3.1641805090081063,
            3.1605274191899455
        ]
    ]
}