{
    "prop_personnes_polies": 1.0,
    "patience_gens_polis": 20,
    "X": [
        10,
        20,
        30,
        40,
        50,
        60,
        70,
        80
    ],
    "Y": [
        [
            59,
            46,
            47,
            51,
            68,
            43,
            58,
            59,
            50,
            59
        ],
        [
            81,
            85,
            105,
            90,
            87,
            82,
            84,
            86,
            74,
            86
        ],
        [
            98,
            89,
            105,
            91,
            99,
            102,
            96,
            103,
            81,
            91
        ],
        [
            140,
            130,
            125,
            112,
            121,
            113,
            126,
            124,
            121,
            119
        ],
        [
            131,
            142,
            155,
            136,
            138,
            115,
            115,
            148,
            155,
            148
        ],
        [
            148,
            150,
            148,
            142,
            146,
            133,
            144,
            153,
            133,
            143
        ],
        [
            164,
            142,
            177,
            155,
            187,
            188,
            150,
            148,
            168,
            180
        ],
        [
            274,
            239,
            223,
            300,
            300,
            300,
            300,
            300,
            293,
            300
        ]
    ],
    "R": [
        [
            7.261067474782063,
            6.532748246819466,
            5.087342968956528,
            6.01132224559453,
            6.283284381419129,
            6.962559954703287,
            6.346693785944868,
            5.573427359110292,
            5.236914766352579,
            5.58763377217035
        ],
        [
            5.032977017240845,
            4.996264714894768,
            5.119237458716509,
            4.750415866532584,
            5.102161718592165,
            5.064628125679733,
            4.952336417594294,
            5.21136252888488,
            5.111741754014545,
            4.8243116317289925
        ],
        [
            4.654020337597466,
            4.682609039433491,
            4.439305180076623,
            4.6171285753415905,
            4.2933360138631285,
            4.49661674623577,
            4.495287693478931,
            4.355332401514166,
            4.551830987676896,
            4.735948443733562
        ],
        [
            4.025962967547433,
            4.1914681455171605,
            4.258643208304103,
            3.8666091904387114,
            4.0122749048748165,
            4.074720275068959,
            4.137632602586261,
            4.2393999323995475,
            3.9965927333634275,
            4.149064630590634
        ],
        [
            3.904038557590787,
            3.785458190698019,
            3.7793065874073317,
            3.689574187104112,
            3.631447414467242,
            3.6527584529554686,
            3.799470022519193,
            3.8739998830397915,
            3.8382358380077273,
            3.8487309441035777
        ],
        [
            3.643020591798701,
            3.55295315377421,
            3.6082637162885507,
            3.561894676502464,
            3.562828070010019,
            3.6119443010290513,
            3.582207137245491,
            3.5825577733401257,
            3.5030623994551644,
            3.6047637293100965
        ],
        [
            3.496734924879248,
            3.4151443141709983,
            3.42715510962972,
            3.3979991076125087,
            3.3302703022177944,
            3.5386992941704474,
            3.419489073732422,
            3.4342823982589468,
            3.4704279222406558,
            3.3589759224309446
        ],
        [
            3.3271177089074513,
            3.2569582464325313,
            3.2932727629117595,
            3.2315597014867605,
            3.189267227423746,
            3.2180862499333127,
            3.250489190939371,
            3.2712621977243073,
            3.277510061930958,
            3.2314436899751047
        ]
    ]
}