{
    "prop_personnes_polies": 0.5,
    "patience_gens_polis": 20,
    "X": [
        10,
        20,
        30,
        40,
        50,
        60,
        70,
        80
    ],
    "Y": [
        [
            41,
            46,
            38,
            47,
            47,
            42,
            50,
            62,
            52,
            52
        ],
        [
            56,
            63,
            76,
            68,
            76,
            62,
            61,
            71,
            59,
            73
        ],
        [
            72,
            88,
            87,
            82,
            85,
            87,
            72,
            92,
            80,
            85
        ],
        [
            99,
            94,
            100,
            97,
            102,
            90,
            103,
            90,
            83,
            113
        ],
        [
            123,
            114,
            106,
            119,
            110,
            104,
            109,
            120,
            110,
            126
        ],
        [
            142,
            127,
            141,
            139,
            124,
            136,
            140,
            126,
            124,
            138
        ],
        [
            155,
            159,
            149,
            160,
            156,
            159,
            173,
            149,
            191,
            151
        ],
        [
            300,
            300,
            233,
            297,
            260,
            300,
            295,
            256,
            300,
            300
        ]
    ],
    "R": [
        [
            6.791957930069636,
            6.469620551030419,
            4.999254434815036,
            5.80753949903592,
            5.575397304054592,
            6.781863419796178,
            6.557496939758567,
            6.229250548047552,
            5.417732584223005,
            5.595718108063538
        ],
        [
            4.583407920339996,
            4.856476970370297,
            5.003728414797125,
            4.599801455964082,
            4.7856662125447045,
            5.011759432952344,
            4.486549451573838,
            5.101803641237756,
            4.5792558183071455,
            4.600582048762391
        ],
        [
            4.483174839689809,
            4.379777535099458,
            4.460648067280448,
            4.313175704647323,
            4.369796321089234,
            4.510183838928083,
            4.117138094879722,
            4.480123871980442,
            4.302845575943067,
            4.340863132154403
        ],
        [
            3.953226668945698,
            4.047951679289378,
            4.116126582827177,
            3.9493623544224574,
            3.9612119739981613,
            3.93607387813642,
            3.989481928601877,
            4.031467607616918,
            3.7805946122988607,
            3.9731121728416694
        ],
        [
            3.6899346239342563,
            3.702882419147365,
            3.6744712671871893,
            3.6813686542549013,
            3.780340530608791,
            3.7344143134608094,
            3.7649266652560978,
            3.767372077410185,
            3.734343633467176,
            3.6630758493807574
        ],
        [
            3.5419892368031207,
            3.4693372023780547,
            3.5590418302007065,
            3.5983102608650377,
            3.5073535321624494,
            3.595953345244719,
            3.495189273435121,
            3.4861355720680227,
            3.5660030554601523,
            3.576154927865067
        ],
        [
            3.4086488705483187,
            3.440117856521411,
            3.3274626411178487,
            3.4233141784656476,
            3.384497147411523,
            3.401050018141787,
            3.390306252337872,
            3.4016435048012226,
            3.358649425140666,
            3.3499520826275897
        ],
        [
            3.2270265098267803,
            3.212614868662357,
            3.2882953786946976,
            3.206530057132775,
            3.2374599865336355,
            3.22371201466061,
            3.228626620026793,
            3.2451507052276423,
            3.1876062309388424,
            3.0474425541609063
        ]
    ]
}