{
    "prop_personnes_polies": 0.5,
    "patience_gens_polis": 10,
    "X": [
        10,
        20,
        30,
        40,
        50,
        60,
        70,
        80
    ],
    "Y": [
        [
            41,
            46,
            38,
            47,
            46,
            42,
            48,
            51,
            43,
            46
        ],
        [
            46,
            58,
            71,
            54,
            61,
            53,
            53,
            59,
            51,
            64
        ],
        [
            69,
            72,
            72,
            73,
            69,
            68,
            60,
            64,
            61,
            67
        ],
        [
            80,
            89,
            73,
            76,
            79,
            74,
            91,
            83,
            78,
            85
        ],
        [
            104,
            84,
            94,
            91,
            101,
            93,
            84,
            91,
            101,
            90
        ],
        [
            105,
            115,
            127,
            96,
            104,
            108,
            118,
            103,
            104,
            101
        ],
        [
            136,
            154,
            153,
            133,
            161,
            154,
            137,
            133,
            140,
            134
        ],
        [
            241,
            272,
            251,
            226,
            300,
            300,
            213,
            291,
            233,
            300
        ]
    ],
    "R": [
        [
            6.791957930069636,
            6.469620551030419,
            4.999254434815036,
            5.80753949903592,
            5.462412473703621,
            6.781863419796178,
            6.573182286824035,
            5.7589655729523,
            4.969422267214526,
            5.424785074079537
        ],
        [
            4.526283696292431,
            4.611581395061808,
            4.7156767380733635,
            4.44361355824444,
            4.665921797920806,
            4.785628109982097,
            4.412916395725116,
            4.989401512380921,
            4.455619823137532,
            4.522279537308429
        ],
        [
            4.3293826025898365,
            4.15248552105507,
            4.391108284051838,
            4.279958492921192,
            4.348996579674119,
            4.303304614556889,
            4.09969096453419,
            4.228284405996202,
            4.152660663377656,
            4.130028111204063
        ],
        [
            3.9088261437635525,
            3.8926693804822046,
            3.9286174120917416,
            3.838226976257996,
            3.8385403205710444,
            3.7778100407799613,
            3.8298956007953473,
            3.869276066318816,
            3.819894039262665,
            3.93645154782351
        ],
        [
            3.5883455646663958,
            3.6393810908853688,
            3.596588687473284,
            3.6453549094765236,
            3.655951381730558,
            3.671041195006852,
            3.6607755536509257,
            3.700519753487044,
            3.6187673024181017,
            3.696951277599112
        ],
        [
            3.5420845725316346,
            3.411959299386153,
            3.4785641090012627,
            3.518960499492795,
            3.4426138842966525,
            3.5102841257821513,
            3.437380079801081,
            3.5135036662980186,
            3.521909386556627,
            3.5353019505867866
        ],
        [
            3.3523197681686665,
            3.3454387874432783,
            3.324804911509265,
            3.38255540071496,
            3.328038329508671,
            3.3250597521845138,
            3.362276071415485,
            3.3553272412356274,
            3.3381357032701966,
            3.3355168911776305
        ],
        [
            3.214387073598397,
            3.2017090801584054,
            3.2139549438672956,
            3.231838979397518,
            3.20186505025367,
            3.1877292352393813,
            3.214502787910675,
            3.200279267569771,
            3.2203866540014574,
            3.048455966720381
        ]
    ]
}